[
    {
        "x": 35.5057526,
        "y": 33.8916143,
        "Name": "Beirut Digital District Bin"
    },
    {
        "x": 35.4827875,
        "y": 33.8963277,
        "Name": "U.L.Y.P Bin"
    },
    {
        "x": 35.4837906,
        "y": 33.8867694,
        "Name": "Dar El Handasa Bin"
    },
    {
        "x": 35.5186835,
        "y": 33.87935,
        "Name": "BLC Bank Bin"
    },
    {
        "x": 35.6496209,
        "y": 33.9104127,
        "Name": "Beit Misk Bins"
    },
    {
        "x": 35.5581656,
        "y": 33.6789211,
        "Name": "Baakline Bins"
    },
    {
        "x": 35.7836294,
        "y": 34.3644103,
        "Name": "Balamand University Bin"
    },
    {
        "x": 35.3755324,
        "y": 33.5601076,
        "Name": "Hamoud Hospital Bin"
    },
    {
        "x": 35.5055513,
        "y": 33.8924813,
        "Name": "Touch HQ Bin\u00a0"
    },
    {
        "x": 35.4930019,
        "y": 33.8951927,
        "Name": "Antwork Bin"
    },
    {
        "x": 35.5363427,
        "y": 33.8478652,
        "Name": "Chedid Capital Holding Bin"
    },
    {
        "x": 35.4850037,
        "y": 33.872338,
        "Name": "Khatib & Alami bin"
    },
    {
        "x": 35.4839822,
        "y": 33.8989375,
        "Name": "1866 Bin"
    },
    {
        "x": 35.4986451,
        "y": 33.8992507,
        "Name": "Starco bin"
    },
    {
        "x": 35.4873941,
        "y": 33.8945052,
        "Name": "BLF Hamra Bin"
    },
    {
        "x": 35.5187972,
        "y": 33.8940069,
        "Name": "BLF Accaoui Bin"
    },
    {
        "x": 35.5329209,
        "y": 33.863008,
        "Name": "Spinneys\u00a0Hazmieh Bin"
    },
    {
        "x": 35.5313554,
        "y": 33.8787462,
        "Name": "Fattal Holding Bin"
    },
    {
        "x": 35.5420595,
        "y": 33.8986389,
        "Name": "Wakilni Bin"
    },
    {
        "x": 35.4899497,
        "y": 33.8019935,
        "Name": "The Spot Choueifat Bin"
    },
    {
        "x": 35.587867,
        "y": 33.9250938,
        "Name": "Spinneys Dbayeh Bin"
    },
    {
        "x": 35.4905595,
        "y": 33.8738102,
        "Name": "Spinneys Jnah Bin"
    },
    {
        "x": 35.4998624,
        "y": 33.8955631,
        "Name": "British Embassy Bin"
    },
    {
        "x": 35.5142072,
        "y": 33.8944887,
        "Name": "Sarvam Bin"
    },
    {
        "x": 35.6245428,
        "y": 33.9244292,
        "Name": "Spinneys Elissar Bin"
    },
    {
        "x": 35.8247714,
        "y": 34.4251751,
        "Name": "Spinneys Tripoli Bin"
    },
    {
        "x": 35.5201058,
        "y": 33.8886353,
        "Name": "ABC Mall Ashrafieh Bin"
    },
    {
        "x": 35.5878971,
        "y": 33.9268039,
        "Name": "ABC Mall Dbayeh Bin"
    },
    {
        "x": 35.5891991,
        "y": 33.9296634,
        "Name": "Le Mall Dbaye Bin"
    },
    {
        "x": 35.3807428,
        "y": 33.563142,
        "Name": "Le Mall Saida Bin"
    },
    {
        "x": 35.493706,
        "y": 33.8723872,
        "Name": "Sadco Bin"
    },
    {
        "x": 35.4845572,
        "y": 33.8842853,
        "Name": "ABC Verdun Bin"
    },
    {
        "x": 35.5662486,
        "y": 33.8983244,
        "Name": "Malia Group Bin"
    },
    {
        "x": 35.540092,
        "y": 33.8723301,
        "Name": "Horsh Tabet Bin"
    },
    {
        "x": 35.5375351,
        "y": 33.8788416,
        "Name": "Sin El Fil Municipality"
    },
    {
        "x": 35.4926924,
        "y": 33.8995712,
        "Name": "Arabia Insurance"
    },
    {
        "x": 35.5113873,
        "y": 33.8853883,
        "Name": "Made for Brands Bin"
    },
    {
        "x": 35.5210578,
        "y": 33.8910623,
        "Name": "Spinneys Mar Mitr"
    },
    {
        "x": 35.5167185,
        "y": 33.8881415,
        "Name": "Spinneys Ashrafieh Tilal"
    },
    {
        "x": 35.3824398,
        "y": 33.5676661,
        "Name": "Food Truck Bin"
    },
    {
        "x": 35.4860067,
        "y": 33.8954217,
        "Name": "Acted Bin"
    },
    {
        "x": 35.5229905,
        "y": 33.8845526,
        "Name": "AUST University Bin"
    },
    {
        "x": 35.654788,
        "y": 34.1098864,
        "Name": "Spinneys Jbeil"
    },
    {
        "x": 35.4792856,
        "y": 33.8860908,
        "Name": "Spinneys Ain el Tine"
    },
    {
        "x": 35.3794155,
        "y": 33.5589602,
        "Name": "Spinneys Saida"
    },
    {
        "x": 35.4895185,
        "y": 33.8979087,
        "Name": "BBAC Clemenceau"
    },
    {
        "x": 35.4831763,
        "y": 33.8875367,
        "Name": "Goodies Verdun"
    },
    {
        "x": 35.6186469,
        "y": 33.9819224,
        "Name": "USEK Kaslik"
    },
    {
        "x": 35.4854811,
        "y": 33.8873419,
        "Name": "Al Nour Bldg"
    },
    {
        "x": 35.4876309,
        "y": 33.8966329,
        "Name": "AUB Alumni Bin"
    },
    {
        "x": 35.5070039,
        "y": 33.8745519,
        "Name": "Zamanouna NGO"
    },
    {
        "x": 35.7354932,
        "y": 33.8235595,
        "Name": "Kapital Hammana"
    },
    {
        "x": 35.7363175,
        "y": 33.8252245,
        "Name": "Hammana Artist House"
    },
    {
        "x": 35.7366401,
        "y": 33.8194385,
        "Name": "Hammana Mosque"
    },
    {
        "x": 35.6085117,
        "y": 33.9697147,
        "Name": "Debbane Freres, Jounieh"
    },
    {
        "x": 35.5010797,
        "y": 33.9006284,
        "Name": "Bank Audi Plaza Building"
    },
    {
        "x": 35.5023603,
        "y": 33.8992381,
        "Name": "Assurex Insurance"
    },
    {
        "x": 35.6498404,
        "y": 34.0080053,
        "Name": "Metro Ghazir"
    },
    {
        "x": 35.543547,
        "y": 33.8336403,
        "Name": "Metro Supermarket Baabda"
    },
    {
        "x": 35.5280075,
        "y": 33.8616844,
        "Name": "Happys Supermarket Hazmieh"
    },
    {
        "x": 35.7088444,
        "y": 33.9119729,
        "Name": "One to one Choueir Municipality"
    },
    {
        "x": 35.6333447,
        "y": 33.958351,
        "Name": "Saide Church Aintoura"
    },
    {
        "x": 35.6995271,
        "y": 33.9059521,
        "Name": "Douar Municipality"
    },
    {
        "x": 35.5145107,
        "y": 33.8920215,
        "Name": "Restos Saint Nicolas"
    },
    {
        "x": 35.5157899,
        "y": 33.8825117,
        "Name": "Grand Lycee Franco-Libanais"
    },
    {
        "x": 35.4775814,
        "y": 33.8996947,
        "Name": "International College, Ras Beirut"
    },
    {
        "x": 35.7405906,
        "y": 33.8902435,
        "Name": "Mtein Municipality"
    },
    {
        "x": 35.4828196,
        "y": 33.8848033,
        "Name": "Lycee Verdun"
    },
    {
        "x": 35.5064283,
        "y": 33.8770568,
        "Name": "Makased School"
    },
    {
        "x": 35.4968817,
        "y": 33.892256,
        "Name": "Lycee Abdelkader"
    },
    {
        "x": 35.5463929,
        "y": 33.870443,
        "Name": "Holdal"
    },
    {
        "x": 35.6060066,
        "y": 33.9628584,
        "Name": "Happy Supermarket"
    },
    {
        "x": 35.5240004,
        "y": 33.8073011,
        "Name": "Sabis Choueifat"
    },
    {
        "x": 35.5232547,
        "y": 33.866672,
        "Name": "Wellspring College"
    },
    {
        "x": 35.5936358,
        "y": 33.8143813,
        "Name": "Universal College Aley"
    },
    {
        "x": 35.4742513,
        "y": 33.8904457,
        "Name": "Shopper's Market Raouche"
    },
    {
        "x": 35.5860481,
        "y": 33.896458,
        "Name": "Valpere Jacques School"
    },
    {
        "x": 35.8254765,
        "y": 34.2019765,
        "Name": "Bchaaleh Municipality"
    },
    {
        "x": 35.7531552,
        "y": 34.2341842,
        "Name": "Artez Village"
    },
    {
        "x": 35.5408257,
        "y": 33.8940691,
        "Name": "Bourj Hammoud Municipality"
    },
    {
        "x": 35.5375517,
        "y": 33.7265683,
        "Name": "Kfarmatta Municipality"
    },
    {
        "x": 35.5373384,
        "y": 33.8672383,
        "Name": "SOS NGO"
    },
    {
        "x": 35.5295725,
        "y": 33.8620561,
        "Name": "City Center Hazmieh"
    },
    {
        "x": 35.6085228,
        "y": 33.6412701,
        "Name": "Amatour 1"
    },
    {
        "x": 35.6284722,
        "y": 33.5995279,
        "Name": "Niha 1"
    },
    {
        "x": 35.6241111,
        "y": 33.5945525,
        "Name": "Niha 2"
    },
    {
        "x": 35.6244444444444,
        "y": 33.5919444444444,
        "Name": "Niha 3"
    },
    {
        "x": 35.5369835,
        "y": 33.8813491,
        "Name": "El Sayde Church Sin el Fill"
    },
    {
        "x": 35.5364263,
        "y": 33.8814203,
        "Name": "Mar Elias Church Sin el Fil"
    },
    {
        "x": 35.536667,
        "y": 33.8714524,
        "Name": "Sainte Rita Church Sin el Fil"
    },
    {
        "x": 35.5405083,
        "y": 33.8628691,
        "Name": "Mar Elias el Marounieh Church Sin el Fil"
    },
    {
        "x": 35.618927,
        "y": 33.6564415,
        "Name": "Moukhtara bin 1"
    },
    {
        "x": 35.6128426,
        "y": 33.6591933,
        "Name": "Moukhtara bin 2"
    },
    {
        "x": 35.6171227,
        "y": 33.6052817,
        "Name": "Bater bin 1"
    },
    {
        "x": 35.6199784,
        "y": 33.6052233,
        "Name": "Bater bin 2"
    },
    {
        "x": 35.6182022,
        "y": 33.6037457,
        "Name": "Bater bin 3"
    },
    {
        "x": 35.6169891,
        "y": 33.599378,
        "Name": "Bater bin 4"
    },
    {
        "x": 35.6108856,
        "y": 33.5993571,
        "Name": "Bater bin 5"
    },
    {
        "x": 35.6035271,
        "y": 33.5967364,
        "Name": "Bater bin 6"
    },
    {
        "x": 35.6414245,
        "y": 33.9211635,
        "Name": "International College Ain Aar"
    },
    {
        "x": 35.6707307,
        "y": 33.6676732,
        "Name": "Maaser el Chouf 1"
    },
    {
        "x": 35.6703412,
        "y": 33.667413,
        "Name": "Maaser el Chouf 2"
    },
    {
        "x": 35.6637359,
        "y": 33.6646635,
        "Name": "Maaser el Chouf 3"
    },
    {
        "x": 35.67079,
        "y": 33.6657644,
        "Name": "Maaser el Chouf 4"
    },
    {
        "x": 35.6722638,
        "y": 33.6688041,
        "Name": "Maaser el Chouf 5"
    },
    {
        "x": 35.643175,
        "y": 33.6502176,
        "Name": "Khreibi 1"
    },
    {
        "x": 35.638692,
        "y": 33.6493469,
        "Name": "Khreibi 2"
    },
    {
        "x": 35.637147,
        "y": 33.6494409,
        "Name": "Khreibi 3"
    },
    {
        "x": 35.635996,
        "y": 33.6445094,
        "Name": "Khreibi 4"
    },
    {
        "x": 35.643897,
        "y": 33.646156,
        "Name": "Khreibi 5"
    },
    {
        "x": 35.6104743,
        "y": 33.6493352,
        "Name": "Ain Qeni 1"
    },
    {
        "x": 35.6111854,
        "y": 33.6492943,
        "Name": "Ain Qeni 2"
    },
    {
        "x": 35.5413221,
        "y": 33.8519825,
        "Name": "College Elysee"
    },
    {
        "x": 35.5016682,
        "y": 33.8988869,
        "Name": "Strategy and PWC"
    },
    {
        "x": 35.4099697,
        "y": 33.6219873,
        "Name": "Daoud Mosque"
    },
    {
        "x": 35.5021238,
        "y": 33.8946885,
        "Name": "ESCWA Beirut"
    },
    {
        "x": 35.516389,
        "y": 33.8749898,
        "Name": "Naive by Emne Badaro"
    },
    {
        "x": 35.4754327,
        "y": 33.8976866,
        "Name": "Kalei Ras Beirut"
    },
    {
        "x": 35.5075963,
        "y": 33.8917935,
        "Name": "Second Base Monot"
    },
    {
        "x": 35.6410813,
        "y": 33.8826777,
        "Name": "Ghabeh Masqa"
    },
    {
        "x": 35.6208363,
        "y": 33.9310118,
        "Name": "CPF Montana"
    },
    {
        "x": 35.637469,
        "y": 34.0242136,
        "Name": "Sabis Adma"
    },
    {
        "x": 35.6480159,
        "y": 34.0007899,
        "Name": "Spinneys Sahel Alma"
    },
    {
        "x": 35.6989136,
        "y": 34.0244441,
        "Name": "Jdeidet Ghazir"
    },
    {
        "x": 35.5115521,
        "y": 33.8809751,
        "Name": "USJ Campus des sciences humaines"
    },
    {
        "x": 35.5456774,
        "y": 33.8661777,
        "Name": "Skaff HQ Mkaless"
    },
    {
        "x": 35.6527214,
        "y": 34.1087588,
        "Name": "Bint el Chalabiya Restaurant"
    },
    {
        "x": 35.4855087,
        "y": 33.8822159,
        "Name": "Four points Verdun"
    },
    {
        "x": 35.4018108,
        "y": 33.5762938,
        "Name": "Hussam Eddine Hariri High School"
    },
    {
        "x": 35.4990093,
        "y": 33.7975422,
        "Name": "Beesline Headquarters"
    },
    {
        "x": 35.5039729,
        "y": 33.8988125,
        "Name": "Beirut Souks Parking\u00a0"
    },
    {
        "x": 35.5705279,
        "y": 33.9019238,
        "Name": "Mike Sport Zalka\u00a0"
    },
    {
        "x": 35.540733,
        "y": 33.8505621,
        "Name": "Mike Sport Baabda\u00a0"
    },
    {
        "x": 35.6632634,
        "y": 34.105509,
        "Name": "Mike Sport Mastita"
    },
    {
        "x": 35.6019807,
        "y": 33.9157745,
        "Name": "Charcutier Rabieh\u00a0"
    },
    {
        "x": 35.6662583,
        "y": 33.9231138,
        "Name": "Lycee Montaigne\u00a0"
    },
    {
        "x": 35.5298862,
        "y": 33.8626931,
        "Name": "Carrefour City Center"
    },
    {
        "x": 35.5651097,
        "y": 33.8973634,
        "Name": "Carrefour City Mall"
    },
    {
        "x": 35.6473054,
        "y": 34.0223232,
        "Name": "Carrefour Market"
    },
    {
        "x": 35.4923336,
        "y": 33.7945625,
        "Name": "Carrefour Bchamoun"
    },
    {
        "x": 35.5978874,
        "y": 33.8072678,
        "Name": "Carrefour Aley"
    },
    {
        "x": 35.5651921,
        "y": 33.8967924,
        "Name": "City Mall - Parking L2"
    },
    {
        "x": 35.8266978,
        "y": 33.5732005,
        "Name": "Ebadieh Club"
    },
    {
        "x": 35.4932951,
        "y": 33.8797863,
        "Name": "Mazen Pharmacy "
    },
    {
        "x": 35.4923808,
        "y": 33.901383,
        "Name": "Urban Market"
    },
    {
        "x": 35.4845067,
        "y": 33.8734944,
        "Name": "Learn and Play\u00a0"
    },
    {
        "x": 35.5455316,
        "y": 33.8854967,
        "Name": "Funscape"
    },
    {
        "x": 35.5886747,
        "y": 33.9205833,
        "Name": "AOU Antelias\u00a0"
    },
    {
        "x": 35.5137849,
        "y": 33.8713776,
        "Name": "AOU Tayouneh"
    },
    {
        "x": 35.5352237,
        "y": 33.850433,
        "Name": "Bric a Brac"
    },
    {
        "x": 35.4923712,
        "y": 33.8960995,
        "Name": "Haigazian University\u00a0"
    },
    {
        "x": 35.3796425,
        "y": 33.564783,
        "Name": "The Spot Saida"
    },
    {
        "x": 35.604258,
        "y": 33.8031651,
        "Name": "Flawless Boutique"
    }
]