{
  "aws_project_region": "us-east-1",
  "aws_cognito_identity_pool_id": "us-east-1:b6617572-bb80-4701-9924-a9200782271c",
  "aws_cognito_region": "us-east-1",
  "aws_user_pools_id": "us-east-1_pxwuk4la2",
  "aws_user_pools_web_client_id": "5diemp8gbdt2pulno5vfnsib61",
  "oauth": {},
  "aws_cognito_username_attributes": [
    "EMAIL"
  ],
  "aws_cognito_social_providers": [],
  "aws_cognito_signup_attributes": [
    "EMAIL"
  ],
  "aws_cognito_mfa_configuration": "OFF",
  "aws_cognito_mfa_types": [
    "SMS"
  ],
  "aws_cognito_password_protection_settings": {
    "passwordPolicyMinLength": 8,
    "passwordPolicyCharacters": []
  },
  "aws_cognito_verification_mechanisms": [
    "EMAIL"
  ],
  "geo": {
    "amazon_location_service": {
      "region": "us-east-1",
      "maps": {
        "items": {
          "bins-dev": {
            "style": "VectorEsriStreets"
          },
          "binsmap-dev": {
            "style": "VectorEsriStreets"
          },
          "binsmap1-dev": {
            "style": "VectorEsriStreets"
          }
        },
        "default": "binsmap1-dev"
      }
    }
  }
}